timestamp,project_name,run_id,experiment_id,duration,emissions,emissions_rate,cpu_power,gpu_power,ram_power,cpu_energy,gpu_energy,ram_energy,energy_consumed,country_name,country_iso_code,region,cloud_provider,cloud_region,os,python_version,codecarbon_version,cpu_count,cpu_model,gpu_count,gpu_model,longitude,latitude,ram_total_size,tracking_mode,on_cloud,pue
2025-01-18T12:55:59,rlsb,46da547c-8346-4ed5-a295-8848be597188,dqn_atari__AlienNoFrameskip-v4__1__2025_01_18_12_45_26,620.9542872999991,0.0065056830738125,1.0476911435945149e-05,82.5,22.089356776295013,1.8658647537231443,0.0142301579199998,0.0051683138568699,0.0002729191779996,0.0196713909548694,Italy,ITA,campania,,,Windows-10-10.0.26100-SP0,3.10.9,2.7.1,36,Intel(R) Core(TM) i9-10980XE CPU @ 3.00GHz,1,1 x NVIDIA RTX A5000,14.2716,40.8449,63.68572998046875,process,N,1.0
2025-01-18T13:06:33,rlsb,08f21c85-fa0c-489c-ab41-876231599548,dqn_atari__AmidarNoFrameskip-v4__1__2025_01_18_12_56_23,599.0543290000005,0.0062948592606443,1.0507993942974044e-05,82.5,23.34743564593813,1.837082862854004,0.0137282612752082,0.005042214033768,0.0002634425928143,0.0190339179017906,Italy,ITA,campania,,,Windows-10-10.0.26100-SP0,3.10.9,2.7.1,36,Intel(R) Core(TM) i9-10980XE CPU @ 3.00GHz,1,1 x NVIDIA RTX A5000,14.2716,40.8449,63.68572998046875,process,N,1.0
2025-01-18T13:17:05,rlsb,4d73bf1a-c66d-4c6d-aacf-b58f8804ed36,dqn_atari__AssaultNoFrameskip-v4__1__2025_01_18_13_06_55,598.8667239000006,0.0062961449920004,1.051343268999502e-05,82.5,21.30776584865876,2.0599594116210938,0.0137239671204166,0.005048027927308,0.0002658105510044,0.019037805598729,Italy,ITA,campania,,,Windows-10-10.0.26100-SP0,3.10.9,2.7.1,36,Intel(R) Core(TM) i9-10980XE CPU @ 3.00GHz,1,1 x NVIDIA RTX A5000,14.2716,40.8449,63.68572998046875,process,N,1.0
2025-01-18T13:28:29,rlsb,ca3dd7f0-2265-40bf-89d4-e21f32a20721,dqn_atari__BoxingNoFrameskip-v4__1__2025_01_18_13_17_28,650.4637789000008,0.0067933629241621,1.0443875807582056e-05,82.5,24.06251343204074,2.3359951972961426,0.0149064170910415,0.005340385938972,0.0002944524328343,0.0205412554628478,Italy,ITA,campania,,,Windows-10-10.0.26100-SP0,3.10.9,2.7.1,36,Intel(R) Core(TM) i9-10980XE CPU @ 3.00GHz,1,1 x NVIDIA RTX A5000,14.2716,40.8449,63.68572998046875,process,N,1.0
2025-01-18T13:39:05,rlsb,931bd1b0-1e95-486c-b9ab-e498c432cb7e,dqn_atari__BreakoutNoFrameskip-v4__1__2025_01_18_13_28_51,602.9838039999995,0.0063244511743657,1.048859211874581e-05,82.5,18.990575563657817,1.6853442192077637,0.0138183307441667,0.0050409937550139,0.0002640711864661,0.0191233956856468,Italy,ITA,campania,,,Windows-10-10.0.26100-SP0,3.10.9,2.7.1,36,Intel(R) Core(TM) i9-10980XE CPU @ 3.00GHz,1,1 x NVIDIA RTX A5000,14.2716,40.8449,63.68572998046875,process,N,1.0
2025-01-18T13:50:50,rlsb,bc203efe-e25b-4654-8941-1f8ebab1e361,dqn_atari__FreewayNoFrameskip-v4__1__2025_01_18_13_39_28,671.4465923000007,0.0069822775772712,1.0398857716075172e-05,82.5,17.291896139392637,2.4480886459350586,0.0153872687214585,0.00541696405579,0.0003082484825294,0.0211124812597779,Italy,ITA,campania,,,Windows-10-10.0.26100-SP0,3.10.9,2.7.1,36,Intel(R) Core(TM) i9-10980XE CPU @ 3.00GHz,1,1 x NVIDIA RTX A5000,14.2716,40.8449,63.68572998046875,process,N,1.0
2025-01-18T14:01:24,rlsb,844f86b6-425d-4440-b229-33d5fb5e85b3,dqn_atari__MsPacmanNoFrameskip-v4__1__2025_01_18_13_51_13,599.8139052999995,0.0063027511760148,1.050784438360514e-05,82.5,22.38467559667212,1.8461380004882808,0.0137456735441667,0.0050486026499899,0.0002635046826472,0.019057780876804,Italy,ITA,campania,,,Windows-10-10.0.26100-SP0,3.10.9,2.7.1,36,Intel(R) Core(TM) i9-10980XE CPU @ 3.00GHz,1,1 x NVIDIA RTX A5000,14.2716,40.8449,63.68572998046875,process,N,1.0
2025-01-18T14:11:43,rlsb,1365556a-75f3-4c8e-95f1-b8ae7184fa9f,dqn_atari__PongNoFrameskip-v4__1__2025_01_18_14_01_47,585.2165464999998,0.0061622126533588,1.0529799080721689e-05,82.5,23.13987982866313,1.9029607772827148,0.0134111739093748,0.004963699248734,0.0002579579951964,0.0186328311533052,Italy,ITA,campania,,,Windows-10-10.0.26100-SP0,3.10.9,2.7.1,36,Intel(R) Core(TM) i9-10980XE CPU @ 3.00GHz,1,1 x NVIDIA RTX A5000,14.2716,40.8449,63.68572998046875,process,N,1.0
2025-01-18T14:22:32,rlsb,a68718c0-f648-4110-8af5-651d50608bc3,dqn_atari__AlienNoFrameskip-v4__2__2025_01_18_14_12_05,616.0970226999998,0.0064572178643777,1.0480845753935716e-05,82.5,24.47276397198065,1.842787742614746,0.0141188445818751,0.0051351379969959,0.0002708629522996,0.0195248455311707,Italy,ITA,campania,,,Windows-10-10.0.26100-SP0,3.10.9,2.7.1,36,Intel(R) Core(TM) i9-10980XE CPU @ 3.00GHz,1,1 x NVIDIA RTX A5000,14.2716,40.8449,63.68572998046875,process,N,1.0
2025-01-18T14:33:15,rlsb,9f3ff708-eca1-4b7b-b225-d16a7bf2763c,dqn_atari__AmidarNoFrameskip-v4__2__2025_01_18_14_22_56,608.0703183000005,0.0063876258898074,1.05047487068034e-05,82.5,20.188430514265576,1.9734420776367188,0.0139348951202082,0.005111147977804,0.0002683754997279,0.0193144185977402,Italy,ITA,campania,,,Windows-10-10.0.26100-SP0,3.10.9,2.7.1,36,Intel(R) Core(TM) i9-10980XE CPU @ 3.00GHz,1,1 x NVIDIA RTX A5000,14.2716,40.8449,63.68572998046875,process,N,1.0
2025-01-18T14:43:44,rlsb,77b516a0-0b33-4586-8e40-a105f14304c1,dqn_atari__AssaultNoFrameskip-v4__2__2025_01_18_14_33_39,594.8563799999993,0.0062640838858453,1.053041388888754e-05,82.5,20.071923057913224,2.0130157470703125,0.0136320575027083,0.005045627092054,0.0002631770633432,0.0189408616581055,Italy,ITA,campania,,,Windows-10-10.0.26100-SP0,3.10.9,2.7.1,36,Intel(R) Core(TM) i9-10980XE CPU @ 3.00GHz,1,1 x NVIDIA RTX A5000,14.2716,40.8449,63.68572998046875,process,N,1.0
2025-01-18T14:55:10,rlsb,c5cf1368-b250-41d8-9e1f-f0dff2544077,dqn_atari__BoxingNoFrameskip-v4__2__2025_01_18_14_44_08,650.3780445000011,0.0067979298427305,1.0452274488996127e-05,82.5,24.17281311250298,2.3370981216430664,0.0149044514941665,0.0053559695625499,0.0002946435080502,0.0205550645647668,Italy,ITA,campania,,,Windows-10-10.0.26100-SP0,3.10.9,2.7.1,36,Intel(R) Core(TM) i9-10980XE CPU @ 3.00GHz,1,1 x NVIDIA RTX A5000,14.2716,40.8449,63.68572998046875,process,N,1.0
2025-01-18T15:05:45,rlsb,c953a51e-c19e-4880-baa4-98154535c823,dqn_atari__BreakoutNoFrameskip-v4__2__2025_01_18_14_55_32,601.7069142,0.0063196472808696,1.05028663153587e-05,82.5,23.73171460019784,1.58333158493042,0.0137890724881246,0.005056283489468,0.0002635140593258,0.0191088700369184,Italy,ITA,campania,,,Windows-10-10.0.26100-SP0,3.10.9,2.7.1,36,Intel(R) Core(TM) i9-10980XE CPU @ 3.00GHz,1,1 x NVIDIA RTX A5000,14.2716,40.8449,63.68572998046875,process,N,1.0
2025-01-18T15:17:31,rlsb,65f3f3fa-fa74-4603-bc2b-e9e5e1e4ca19,dqn_atari__FreewayNoFrameskip-v4__2__2025_01_18_15_06_06,673.1226970999996,0.0069968766542948,1.0394652690273769e-05,82.5,18.11214969250066,2.4475879669189453,0.0154256786085419,0.005422157393278,0.0003087888395701,0.02115662484139,Italy,ITA,campania,,,Windows-10-10.0.26100-SP0,3.10.9,2.7.1,36,Intel(R) Core(TM) i9-10980XE CPU @ 3.00GHz,1,1 x NVIDIA RTX A5000,14.2716,40.8449,63.68572998046875,process,N,1.0
2025-01-18T15:28:09,rlsb,da0a5433-e39a-428f-a165-c6f7cb122d8a,dqn_atari__MsPacmanNoFrameskip-v4__2__2025_01_18_15_17_53,604.7761293999974,0.0063519223857349,1.0502931708030066e-05,82.5,22.86484436581953,1.853107452392578,0.0138594076637498,0.0050812710094579,0.0002657823774,0.0192064610506078,Italy,ITA,campania,,,Windows-10-10.0.26100-SP0,3.10.9,2.7.1,36,Intel(R) Core(TM) i9-10980XE CPU @ 3.00GHz,1,1 x NVIDIA RTX A5000,14.2716,40.8449,63.68572998046875,process,N,1.0
2025-01-18T15:38:35,rlsb,5d6f5bd8-a845-403f-ae4a-6e6e029228ec,dqn_atari__PongNoFrameskip-v4__2__2025_01_18_15_28_31,593.2340900999989,0.0062413400390124,1.0520872187167049e-05,82.5,20.67324991125696,1.9917125701904297,0.0135948734487499,0.005014846511874,0.0002623705787855,0.0188720905394094,Italy,ITA,campania,,,Windows-10-10.0.26100-SP0,3.10.9,2.7.1,36,Intel(R) Core(TM) i9-10980XE CPU @ 3.00GHz,1,1 x NVIDIA RTX A5000,14.2716,40.8449,63.68572998046875,process,N,1.0
2025-01-18T15:49:21,rlsb,e1af5d79-7914-45e6-94b6-e837fd348225,dqn_atari__AlienNoFrameskip-v4__3__2025_01_18_15_38_56,613.9407949999986,0.0064393176842929,1.0488499439580198e-05,82.5,23.19439708688631,1.83198881149292,0.0140694324260418,0.0051313743828739,0.0002699135156292,0.0194707203245451,Italy,ITA,campania,,,Windows-10-10.0.26100-SP0,3.10.9,2.7.1,36,Intel(R) Core(TM) i9-10980XE CPU @ 3.00GHz,1,1 x NVIDIA RTX A5000,14.2716,40.8449,63.68572998046875,process,N,1.0
2025-01-18T16:00:00,rlsb,b9290b26-6aac-4379-b447-653cd58996a2,dqn_atari__AmidarNoFrameskip-v4__3__2025_01_18_15_49_45,603.4642504000003,0.0063372320706891,1.05014208654259e-05,82.5,19.99382677590136,1.877669334411621,0.0138293437974999,0.005066782386756,0.0002659154061297,0.0191620415903856,Italy,ITA,campania,,,Windows-10-10.0.26100-SP0,3.10.9,2.7.1,36,Intel(R) Core(TM) i9-10980XE CPU @ 3.00GHz,1,1 x NVIDIA RTX A5000,14.2716,40.8449,63.68572998046875,process,N,1.0
2025-01-18T16:10:27,rlsb,085c4371-b246-42d6-a693-190d5cc955c7,dqn_atari__AssaultNoFrameskip-v4__3__2025_01_18_16_00_20,595.8907020000006,0.0062739021413073,1.052861224424228e-05,82.5,20.580931277644,2.082311153411865,0.0136557643818755,0.005050336262488,0.0002644487097911,0.0189705493541547,Italy,ITA,campania,,,Windows-10-10.0.26100-SP0,3.10.9,2.7.1,36,Intel(R) Core(TM) i9-10980XE CPU @ 3.00GHz,1,1 x NVIDIA RTX A5000,14.2716,40.8449,63.68572998046875,process,N,1.0
2025-01-18T16:21:54,rlsb,52d8adb4-bcb4-4443-9e47-298d664eeee0,dqn_atari__BoxingNoFrameskip-v4__3__2025_01_18_16_10_50,653.2228988000024,0.0068286036443464,1.0453711370025204e-05,82.5,18.40573757854785,2.3353800773620605,0.0149696407024997,0.0053824126392599,0.0002957603374061,0.0206478136791659,Italy,ITA,campania,,,Windows-10-10.0.26100-SP0,3.10.9,2.7.1,36,Intel(R) Core(TM) i9-10980XE CPU @ 3.00GHz,1,1 x NVIDIA RTX A5000,14.2716,40.8449,63.68572998046875,process,N,1.0
2025-01-18T16:32:34,rlsb,68369d1e-6b5a-44f5-baf7-161f06b2175c,dqn_atari__BreakoutNoFrameskip-v4__3__2025_01_18_16_22_20,603.3830016000029,0.0063275979589487,1.048686811224328e-05,82.5,19.429953897995645,1.6684570312500002,0.0138274838693752,0.0050416201444039,0.0002638066803731,0.0191329106941524,Italy,ITA,campania,,,Windows-10-10.0.26100-SP0,3.10.9,2.7.1,36,Intel(R) Core(TM) i9-10980XE CPU @ 3.00GHz,1,1 x NVIDIA RTX A5000,14.2716,40.8449,63.68572998046875,process,N,1.0
2025-01-18T16:44:16,rlsb,9ab8d430-9df7-4c21-b9ba-ef487bd9fec5,dqn_atari__FreewayNoFrameskip-v4__3__2025_01_18_16_32_56,668.498531199999,0.0069562007742055,1.0405708389095006e-05,82.5,19.65468331575937,2.447934150695801,0.0153197141304163,0.0054077418261899,0.0003061762442582,0.0210336322008645,Italy,ITA,campania,,,Windows-10-10.0.26100-SP0,3.10.9,2.7.1,36,Intel(R) Core(TM) i9-10980XE CPU @ 3.00GHz,1,1 x NVIDIA RTX A5000,14.2716,40.8449,63.68572998046875,process,N,1.0
2025-01-18T16:54:45,rlsb,08ef24ce-e337-4eb0-ac04-b8a8347f849e,dqn_atari__MsPacmanNoFrameskip-v4__3__2025_01_18_16_44_39,595.5098919000011,0.0062646408504589,1.0519793097762549e-05,82.5,23.423942276148363,1.8003602027893066,0.0136470348139584,0.0050342437496139,0.0002612672018801,0.0189425457654525,Italy,ITA,campania,,,Windows-10-10.0.26100-SP0,3.10.9,2.7.1,36,Intel(R) Core(TM) i9-10980XE CPU @ 3.00GHz,1,1 x NVIDIA RTX A5000,14.2716,40.8449,63.68572998046875,process,N,1.0
2025-01-18T17:05:33,rlsb,c2a6fe34-9eea-4d17-abb7-abfe4db9cc4f,dqn_atari__PongNoFrameskip-v4__3__2025_01_18_16_55_07,614.0400654999976,0.0064419229494661,1.049104661309139e-05,82.5,19.70496719424289,2.2506766319274902,0.0140717089058333,0.005131304382818,0.0002755846390881,0.0194785979277395,Italy,ITA,campania,,,Windows-10-10.0.26100-SP0,3.10.9,2.7.1,36,Intel(R) Core(TM) i9-10980XE CPU @ 3.00GHz,1,1 x NVIDIA RTX A5000,14.2716,40.8449,63.68572998046875,process,N,1.0
2025-01-18T17:16:22,rlsb,ac4bcac5-4d16-4fb7-8391-d710c3cc357d,dqn_atari__AlienNoFrameskip-v4__4__2025_01_18_17_05_56,614.3530191000027,0.0064397902863137,1.0482231039977166e-05,82.5,22.16896609789197,1.8997735977172847,0.014078878944167,0.005122824098256,0.0002704463002608,0.0194721493426838,Italy,ITA,campania,,,Windows-10-10.0.26100-SP0,3.10.9,2.7.1,36,Intel(R) Core(TM) i9-10980XE CPU @ 3.00GHz,1,1 x NVIDIA RTX A5000,14.2716,40.8449,63.68572998046875,process,N,1.0
2025-01-18T17:26:59,rlsb,086db817-b69d-4a7a-b7f7-7ab7da724aa6,dqn_atari__AmidarNoFrameskip-v4__4__2025_01_18_17_16_44,603.951578199998,0.0063459235711696,1.0507338336763446e-05,82.5,18.414711396814027,1.8869476318359373,0.0138405068427082,0.0050815718430319,0.0002662436044575,0.0191883222901977,Italy,ITA,campania,,,Windows-10-10.0.26100-SP0,3.10.9,2.7.1,36,Intel(R) Core(TM) i9-10980XE CPU @ 3.00GHz,1,1 x NVIDIA RTX A5000,14.2716,40.8449,63.68572998046875,process,N,1.0
2025-01-18T17:37:20,rlsb,9dbdbeb3-1086-4504-b968-11d639becff0,dqn_atari__AssaultNoFrameskip-v4__4__2025_01_18_17_27_22,587.6100460000016,0.0061954091381068,1.0543402346982444e-05,82.5,24.83067709072134,1.898444652557373,0.0134660006089582,0.0050079556730279,0.0002592518836015,0.0187332081655878,Italy,ITA,campania,,,Windows-10-10.0.26100-SP0,3.10.9,2.7.1,36,Intel(R) Core(TM) i9-10980XE CPU @ 3.00GHz,1,1 x NVIDIA RTX A5000,14.2716,40.8449,63.68572998046875,process,N,1.0
2025-01-18T17:48:45,rlsb,0baeaf40-9880-45ed-ae6b-f23daaae3903,dqn_atari__BoxingNoFrameskip-v4__4__2025_01_18_17_37_43,651.3988801999985,0.0068058737087903,1.0448089359166151e-05,82.5,21.48406114256636,2.3365588188171387,0.0149278400608333,0.0053561765071599,0.0002950680563402,0.0205790846243335,Italy,ITA,campania,,,Windows-10-10.0.26100-SP0,3.10.9,2.7.1,36,Intel(R) Core(TM) i9-10980XE CPU @ 3.00GHz,1,1 x NVIDIA RTX A5000,14.2716,40.8449,63.68572998046875,process,N,1.0
2025-01-18T17:59:19,rlsb,87cd6c92-ece6-42b1-bc29-67cebce291ee,dqn_atari__BreakoutNoFrameskip-v4__4__2025_01_18_17_49_08,599.5990216999999,0.0062963610988867,1.0500952921896228e-05,82.5,22.83497523451376,1.66243314743042,0.0137407056599998,0.0050356179173799,0.0002621354689579,0.0190384590463377,Italy,ITA,campania,,,Windows-10-10.0.26100-SP0,3.10.9,2.7.1,36,Intel(R) Core(TM) i9-10980XE CPU @ 3.00GHz,1,1 x NVIDIA RTX A5000,14.2716,40.8449,63.68572998046875,process,N,1.0
2025-01-18T18:11:01,rlsb,b1a1cbdd-8116-4b4c-a27a-f2965ac7073b,dqn_atari__FreewayNoFrameskip-v4__4__2025_01_18_17_59_41,669.5083906999971,0.0069622796885529,1.0399092506179932e-05,82.5,18.668207225166096,2.4482789039611816,0.0153428548441666,0.00540213765504,0.0003070206617127,0.0210520131609193,Italy,ITA,campania,,,Windows-10-10.0.26100-SP0,3.10.9,2.7.1,36,Intel(R) Core(TM) i9-10980XE CPU @ 3.00GHz,1,1 x NVIDIA RTX A5000,14.2716,40.8449,63.68572998046875,process,N,1.0
2025-01-18T18:21:37,rlsb,2921bc0e-1c66-41cf-82ef-e63f4cb0616e,dqn_atari__MsPacmanNoFrameskip-v4__4__2025_01_18_18_11_23,602.5890894000004,0.0063283514784778,1.0501935049602467e-05,82.5,20.14015174598821,1.824209690093994,0.0138092880268744,0.005061197937844,0.000264703164624,0.0191351891293425,Italy,ITA,campania,,,Windows-10-10.0.26100-SP0,3.10.9,2.7.1,36,Intel(R) Core(TM) i9-10980XE CPU @ 3.00GHz,1,1 x NVIDIA RTX A5000,14.2716,40.8449,63.68572998046875,process,N,1.0
2025-01-18T18:32:09,rlsb,5853f783-4f31-4283-88a7-fbfd3186c93d,dqn_atari__PongNoFrameskip-v4__4__2025_01_18_18_21_58,599.9252957999997,0.0062927189278178,1.0489170854892113e-05,82.5,22.81496535483051,1.962993621826172,0.0137482207568752,0.005013989844522,0.0002652355243591,0.0190274461257563,Italy,ITA,campania,,,Windows-10-10.0.26100-SP0,3.10.9,2.7.1,36,Intel(R) Core(TM) i9-10980XE CPU @ 3.00GHz,1,1 x NVIDIA RTX A5000,14.2716,40.8449,63.68572998046875,process,N,1.0
2025-01-20T14:44:56,rlsb,b9201205-dfc5-4940-83ca-771856b17377,ppo_atari__AlienNoFrameskip-v4__1__2025_01_20_14_41_16,209.1766703999984,0.002531913318101,1.2104185965190988e-05,82.5,48.10803948850901,1.4912080764770508,0.0047936249258332,0.00277562583161,8.655666187179456e-05,0.007655807419315,Italy,ITA,campania,,,Windows-10-10.0.26100-SP0,3.10.9,2.7.1,36,Intel(R) Core(TM) i9-10980XE CPU @ 3.00GHz,1,1 x NVIDIA RTX A5000,14.2716,40.8449,63.68572998046875,process,N,1.0
2025-01-20T14:48:41,rlsb,5d8b2167-13f8-4950-8fe2-62545d46d2f6,ppo_atari__AmidarNoFrameskip-v4__1__2025_01_20_14_45_18,192.1168376000005,0.0023663549232921,1.2317269807548452e-05,82.5,50.02162654176105,1.492250919342041,0.0044026707770832,0.002672978805048,7.955492228689252e-05,0.0071552045044181,Italy,ITA,campania,,,Windows-10-10.0.26100-SP0,3.10.9,2.7.1,36,Intel(R) Core(TM) i9-10980XE CPU @ 3.00GHz,1,1 x NVIDIA RTX A5000,14.2716,40.8449,63.68572998046875,process,N,1.0
2025-01-20T14:52:09,rlsb,7dabc690-e007-49b8-a071-5b0b0e1e3092,ppo_atari__AssaultNoFrameskip-v4__1__2025_01_20_14_49_02,176.61172869999973,0.0021860535313643,1.237773701359161e-05,82.5,58.40686382596027,1.4923152923583984,0.004047345836875,0.0024895514360839,7.312556028375146e-05,0.0066100228332427,Italy,ITA,campania,,,Windows-10-10.0.26100-SP0,3.10.9,2.7.1,36,Intel(R) Core(TM) i9-10980XE CPU @ 3.00GHz,1,1 x NVIDIA RTX A5000,14.2716,40.8449,63.68572998046875,process,N,1.0
2025-01-20T14:56:05,rlsb,6189b92b-b50b-4096-a0c2-83e78cb1946e,ppo_atari__BoxingNoFrameskip-v4__1__2025_01_20_14_52_29,205.0003874999984,0.0025230590831948,1.2307582019545603e-05,82.5,51.706005384453086,1.4920649528503418,0.0046979175764583,0.002846239499212,8.487757982122447e-05,0.0076290346554915,Italy,ITA,campania,,,Windows-10-10.0.26100-SP0,3.10.9,2.7.1,36,Intel(R) Core(TM) i9-10980XE CPU @ 3.00GHz,1,1 x NVIDIA RTX A5000,14.2716,40.8449,63.68572998046875,process,N,1.0
2025-01-20T14:59:57,rlsb,1e8d0b79-a8da-47b4-96d7-e6f5ffb51f6b,ppo_atari__BreakoutNoFrameskip-v4__1__2025_01_20_14_56_26,200.42148850000007,0.0024923694331984,1.2435639770225592e-05,82.5,58.64283809504431,1.4922795295715334,0.004592984715,0.002860282566002,8.297033895943666e-05,0.0075362376199614,Italy,ITA,campania,,,Windows-10-10.0.26100-SP0,3.10.9,2.7.1,36,Intel(R) Core(TM) i9-10980XE CPU @ 3.00GHz,1,1 x NVIDIA RTX A5000,14.2716,40.8449,63.68572998046875,process,N,1.0
2025-01-20T15:04:04,rlsb,59d5f7e6-ad35-48a2-827b-286ddb21c122,ppo_atari__FreewayNoFrameskip-v4__1__2025_01_20_15_00_19,214.65826329999985,0.0026370583397285,1.2284914166304922e-05,82.5,48.75254529815261,1.491767406463623,0.0049192415639582,0.002965648761406,8.884663400465247e-05,0.0079737369593689,Italy,ITA,campania,,,Windows-10-10.0.26100-SP0,3.10.9,2.7.1,36,Intel(R) Core(TM) i9-10980XE CPU @ 3.00GHz,1,1 x NVIDIA RTX A5000,14.2716,40.8449,63.68572998046875,process,N,1.0
2025-01-20T15:07:47,rlsb,287ffa73-bf36-4c2a-a8be-b667b97d3337,ppo_atari__MsPacmanNoFrameskip-v4__1__2025_01_20_15_04_25,191.5684137999997,0.0023878428581978,1.2464700264683575e-05,82.5,55.02626826162051,1.4932279586791992,0.0043901017760416,0.0027507160894599,7.936022640102689e-05,0.0072201780919026,Italy,ITA,campania,,,Windows-10-10.0.26100-SP0,3.10.9,2.7.1,36,Intel(R) Core(TM) i9-10980XE CPU @ 3.00GHz,1,1 x NVIDIA RTX A5000,14.2716,40.8449,63.68572998046875,process,N,1.0
2025-01-20T15:11:21,rlsb,e791d8ed-fe63-4c16-b745-5fb014b538c8,ppo_atari__PongNoFrameskip-v4__1__2025_01_20_15_08_10,181.3653059999997,0.002271174709405,1.2522652537553603e-05,82.5,61.40518425848934,1.4915814399719238,0.004156281586875,0.0026360648866279,7.505932057255615e-05,0.0068674057940755,Italy,ITA,campania,,,Windows-10-10.0.26100-SP0,3.10.9,2.7.1,36,Intel(R) Core(TM) i9-10980XE CPU @ 3.00GHz,1,1 x NVIDIA RTX A5000,14.2716,40.8449,63.68572998046875,process,N,1.0
2025-01-20T15:15:25,rlsb,63f072b4-3698-491b-9afb-11256a5c737a,ppo_atari__AlienNoFrameskip-v4__2__2025_01_20_15_11_45,209.36098519999905,0.0025566599472801,1.2211730589812572e-05,82.5,51.38458888519848,1.4917116165161133,0.0047978485866666,0.0028461269991219,8.665881354890367e-05,0.0077306343993375,Italy,ITA,campania,,,Windows-10-10.0.26100-SP0,3.10.9,2.7.1,36,Intel(R) Core(TM) i9-10980XE CPU @ 3.00GHz,1,1 x NVIDIA RTX A5000,14.2716,40.8449,63.68572998046875,process,N,1.0
2025-01-20T15:19:11,rlsb,a4d0cf46-0430-4610-a24d-c71a3ccd6413,ppo_atari__AmidarNoFrameskip-v4__2__2025_01_20_15_15_46,194.81813799999875,0.0024042551549055,1.2341023169544954e-05,82.5,51.18517906659135,1.4925484657287598,0.0044645754747917,0.0027245444018559,8.06844729963711e-05,0.007269804349644,Italy,ITA,campania,,,Windows-10-10.0.26100-SP0,3.10.9,2.7.1,36,Intel(R) Core(TM) i9-10980XE CPU @ 3.00GHz,1,1 x NVIDIA RTX A5000,14.2716,40.8449,63.68572998046875,process,N,1.0
2025-01-20T15:22:40,rlsb,e8a6366e-3c8c-4399-bede-335bf35082c1,ppo_atari__AssaultNoFrameskip-v4__2__2025_01_20_15_19_32,177.10063489999993,0.0022380073824446,1.2636924671152776e-05,82.5,55.64926576630108,1.4912924766540527,0.0040585492864583,0.0026352871082279,7.328055221292761e-05,0.0067671169468992,Italy,ITA,campania,,,Windows-10-10.0.26100-SP0,3.10.9,2.7.1,36,Intel(R) Core(TM) i9-10980XE CPU @ 3.00GHz,1,1 x NVIDIA RTX A5000,14.2716,40.8449,63.68572998046875,process,N,1.0
2025-01-20T15:26:35,rlsb,d5e702c7-0c15-4c2f-946e-b6f649aea16a,ppo_atari__BoxingNoFrameskip-v4__2__2025_01_20_15_23_00,205.2871155000012,0.0025231948758592,1.2291053287556117e-05,82.5,53.06133901721442,1.491990566253662,0.0047044894852084,0.0028399675497499,8.498822009029905e-05,0.0076294452550487,Italy,ITA,campania,,,Windows-10-10.0.26100-SP0,3.10.9,2.7.1,36,Intel(R) Core(TM) i9-10980XE CPU @ 3.00GHz,1,1 x NVIDIA RTX A5000,14.2716,40.8449,63.68572998046875,process,N,1.0
2025-01-20T15:30:31,rlsb,3021aff4-f1ad-4878-9678-643cd92eda35,ppo_atari__BreakoutNoFrameskip-v4__2__2025_01_20_15_26_59,201.68352520000008,0.002512969762579,1.2459965483482254e-05,82.5,52.413314472870105,1.4923224449157717,0.0046219061579167,0.0028931025922579,8.351858301863503e-05,0.0075985273331933,Italy,ITA,campania,,,Windows-10-10.0.26100-SP0,3.10.9,2.7.1,36,Intel(R) Core(TM) i9-10980XE CPU @ 3.00GHz,1,1 x NVIDIA RTX A5000,14.2716,40.8449,63.68572998046875,process,N,1.0
2025-01-20T15:34:38,rlsb,6578b901-7199-4751-9245-9e6e7621af68,ppo_atari__FreewayNoFrameskip-v4__2__2025_01_20_15_30_53,214.8088626000008,0.0026452978489831,1.2314658794637352e-05,82.5,47.49744058492439,1.490910530090332,0.0049226948329166,0.0029870937785619,8.886235092177218e-05,0.0079986509624004,Italy,ITA,campania,,,Windows-10-10.0.26100-SP0,3.10.9,2.7.1,36,Intel(R) Core(TM) i9-10980XE CPU @ 3.00GHz,1,1 x NVIDIA RTX A5000,14.2716,40.8449,63.68572998046875,process,N,1.0
2025-01-20T15:38:21,rlsb,84da3607-3c36-40df-8545-6d707378d2e3,ppo_atari__MsPacmanNoFrameskip-v4__2__2025_01_20_15_34_59,191.9585967999992,0.0023714416964937,1.2353922856419625e-05,82.5,53.53981105561596,1.491225242614746,0.00439904432,0.0026921174314699,7.942375187041849e-05,0.0071705855033404,Italy,ITA,campania,,,Windows-10-10.0.26100-SP0,3.10.9,2.7.1,36,Intel(R) Core(TM) i9-10980XE CPU @ 3.00GHz,1,1 x NVIDIA RTX A5000,14.2716,40.8449,63.68572998046875,process,N,1.0
2025-01-20T15:41:54,rlsb,7b293e3d-63c2-40b0-83e6-547cbea16d35,ppo_atari__PongNoFrameskip-v4__2__2025_01_20_15_38_43,180.77263590000075,0.0022608236207501,1.2506448276833251e-05,82.5,95.01539680090424,1.491807460784912,0.0041426994583333,0.0026185804281959,7.482707090922023e-05,0.0068361069574385,Italy,ITA,campania,,,Windows-10-10.0.26100-SP0,3.10.9,2.7.1,36,Intel(R) Core(TM) i9-10980XE CPU @ 3.00GHz,1,1 x NVIDIA RTX A5000,14.2716,40.8449,63.68572998046875,process,N,1.0
2025-01-20T15:45:55,rlsb,9360dfba-10e7-4942-96a3-8d60998e127a,ppo_atari__AlienNoFrameskip-v4__3__2025_01_20_15_42_14,210.40472679999948,0.0025668343830771,1.219950911804894e-05,82.5,54.251469814452754,1.4920778274536133,0.004821767493125,0.0028525222820159,8.710931132298612e-05,0.0077613990864639,Italy,ITA,campania,,,Windows-10-10.0.26100-SP0,3.10.9,2.7.1,36,Intel(R) Core(TM) i9-10980XE CPU @ 3.00GHz,1,1 x NVIDIA RTX A5000,14.2716,40.8449,63.68572998046875,process,N,1.0
2025-01-20T15:49:39,rlsb,55a4e17a-2e34-4751-a18a-350f4c6bada5,ppo_atari__AmidarNoFrameskip-v4__3__2025_01_20_15_46_15,193.8918766999996,0.0023979263169516,1.2367337702661085e-05,82.5,48.89344806662125,1.4919805526733398,0.0044433474937499,0.0027270591260899,8.026106970707077e-05,0.007250667689547,Italy,ITA,campania,,,Windows-10-10.0.26100-SP0,3.10.9,2.7.1,36,Intel(R) Core(TM) i9-10980XE CPU @ 3.00GHz,1,1 x NVIDIA RTX A5000,14.2716,40.8449,63.68572998046875,process,N,1.0
2025-01-20T15:53:08,rlsb,596f65a0-96e7-4bc0-bad0-c07dba137485,ppo_atari__AssaultNoFrameskip-v4__3__2025_01_20_15_50_00,176.73574499999995,0.0021816925188312,1.234437616924202e-05,82.5,48.73636837921104,1.4915499687194824,0.0040501876066666,0.0024735069788039,7.314174890254878e-05,0.0065968363343731,Italy,ITA,campania,,,Windows-10-10.0.26100-SP0,3.10.9,2.7.1,36,Intel(R) Core(TM) i9-10980XE CPU @ 3.00GHz,1,1 x NVIDIA RTX A5000,14.2716,40.8449,63.68572998046875,process,N,1.0
2025-01-20T15:57:06,rlsb,36516f87-1e6c-42ec-a10b-f46449d568e5,ppo_atari__BoxingNoFrameskip-v4__3__2025_01_20_15_53_30,205.4079270000002,0.0025281995163419,1.2308188653020676e-05,82.5,47.03515753680503,1.4917445182800293,0.0047072578827083,0.00285229950406,8.50205205179176e-05,0.0076445779072862,Italy,ITA,campania,,,Windows-10-10.0.26100-SP0,3.10.9,2.7.1,36,Intel(R) Core(TM) i9-10980XE CPU @ 3.00GHz,1,1 x NVIDIA RTX A5000,14.2716,40.8449,63.68572998046875,process,N,1.0
2025-01-20T16:01:01,rlsb,6446b428-ed6c-4767-afc2-ea6cad45ed38,ppo_atari__BreakoutNoFrameskip-v4__3__2025_01_20_15_57_28,201.36488760000063,0.0024831548721503,1.2331617998282508e-05,82.5,55.63273521939607,1.4920778274536133,0.0046146050431249,0.0028104069705459,8.336331561351157e-05,0.0075083753292844,Italy,ITA,campania,,,Windows-10-10.0.26100-SP0,3.10.9,2.7.1,36,Intel(R) Core(TM) i9-10980XE CPU @ 3.00GHz,1,1 x NVIDIA RTX A5000,14.2716,40.8449,63.68572998046875,process,N,1.0
2025-01-20T16:05:11,rlsb,6b9704ab-d8ed-4018-b989-1a8fcf7732d6,ppo_atari__FreewayNoFrameskip-v4__3__2025_01_20_16_01_22,217.1774123000013,0.0026848509600659,1.2362477900589315e-05,82.5,50.25743432327573,1.4921793937683103,0.0049769748760415,0.003051349941078,8.992384205815812e-05,0.0081182486591777,Italy,ITA,campania,,,Windows-10-10.0.26100-SP0,3.10.9,2.7.1,36,Intel(R) Core(TM) i9-10980XE CPU @ 3.00GHz,1,1 x NVIDIA RTX A5000,14.2716,40.8449,63.68572998046875,process,N,1.0
2025-01-20T16:08:56,rlsb,edf9fc1b-19d8-422c-b91c-dac7af5206f0,ppo_atari__MsPacmanNoFrameskip-v4__3__2025_01_20_16_05_33,192.24515990000145,0.0023966786225034,1.2466782642278546e-05,82.5,46.36456821953985,1.4917445182800293,0.0044056113222917,0.0027617080426979,7.957564073540063e-05,0.0072468950057251,Italy,ITA,campania,,,Windows-10-10.0.26100-SP0,3.10.9,2.7.1,36,Intel(R) Core(TM) i9-10980XE CPU @ 3.00GHz,1,1 x NVIDIA RTX A5000,14.2716,40.8449,63.68572998046875,process,N,1.0
2025-01-20T16:12:30,rlsb,a080d6f9-7c85-42a4-b5e0-1486764fed1b,ppo_atari__PongNoFrameskip-v4__3__2025_01_20_16_09_17,183.0048954000013,0.0022932929680675,1.2531320340120072e-05,82.5,49.41377981756671,1.4919848442077637,0.0041938549239584,0.002664669353956,7.576102880483252e-05,0.0069342853067192,Italy,ITA,campania,,,Windows-10-10.0.26100-SP0,3.10.9,2.7.1,36,Intel(R) Core(TM) i9-10980XE CPU @ 3.00GHz,1,1 x NVIDIA RTX A5000,14.2716,40.8449,63.68572998046875,process,N,1.0
2025-01-20T16:16:33,rlsb,563d2f8c-7f31-4160-81a9-03edb5692424,ppo_atari__AlienNoFrameskip-v4__4__2025_01_20_16_12_51,211.05897670000195,0.0025678233416583,1.2166378240847062e-05,82.5,26.87522802079988,1.4927058219909668,0.0048367575002082,0.0028402339388519,8.739798533865697e-05,0.0077643894243988,Italy,ITA,campania,,,Windows-10-10.0.26100-SP0,3.10.9,2.7.1,36,Intel(R) Core(TM) i9-10980XE CPU @ 3.00GHz,1,1 x NVIDIA RTX A5000,14.2716,40.8449,63.68572998046875,process,N,1.0
2025-01-20T16:20:16,rlsb,1da109a6-168b-4707-999a-9d370f67d2cd,ppo_atari__AmidarNoFrameskip-v4__4__2025_01_20_16_16_53,193.5973821999978,0.0024007832620785,1.2400907671356838e-05,82.5,47.56417884126444,1.492668628692627,0.0044365990487499,0.002742520805126,8.018644961686573e-05,0.0072593063034928,Italy,ITA,campania,,,Windows-10-10.0.26100-SP0,3.10.9,2.7.1,36,Intel(R) Core(TM) i9-10980XE CPU @ 3.00GHz,1,1 x NVIDIA RTX A5000,14.2716,40.8449,63.68572998046875,process,N,1.0
2025-01-20T16:23:45,rlsb,ad07ce1b-7e9e-47ef-b3a9-ce942199d16a,ppo_atari__AssaultNoFrameskip-v4__4__2025_01_20_16_20_38,176.95266849999825,0.0022360344210419,1.2636341909938191e-05,82.5,49.9725822963504,1.4916586875915527,0.0040551589489582,0.0026327496061979,7.324270072322237e-05,0.0067611512558794,Italy,ITA,campania,,,Windows-10-10.0.26100-SP0,3.10.9,2.7.1,36,Intel(R) Core(TM) i9-10980XE CPU @ 3.00GHz,1,1 x NVIDIA RTX A5000,14.2716,40.8449,63.68572998046875,process,N,1.0
2025-01-20T16:27:41,rlsb,5523ed47-25f3-44e2-be21-579a3b4c877b,ppo_atari__BoxingNoFrameskip-v4__4__2025_01_20_16_24_06,204.41381900000124,0.0025372855904839,1.241249541198538e-05,82.5,50.02853207737152,1.4926214218139648,0.0046844755970833,0.0029029176001099,8.4658491810368e-05,0.0076720516890037,Italy,ITA,campania,,,Windows-10-10.0.26100-SP0,3.10.9,2.7.1,36,Intel(R) Core(TM) i9-10980XE CPU @ 3.00GHz,1,1 x NVIDIA RTX A5000,14.2716,40.8449,63.68572998046875,process,N,1.0
2025-01-20T16:31:35,rlsb,2145e781-0228-4bb8-b059-a8a9799542af,ppo_atari__BreakoutNoFrameskip-v4__4__2025_01_20_16_28_03,201.42518420000124,0.002505608764222,1.2439401627823198e-05,82.5,53.64932517564465,1.491562843322754,0.0046159861710416,0.00287692174598,8.336178774819055e-05,0.0075762697047698,Italy,ITA,campania,,,Windows-10-10.0.26100-SP0,3.10.9,2.7.1,36,Intel(R) Core(TM) i9-10980XE CPU @ 3.00GHz,1,1 x NVIDIA RTX A5000,14.2716,40.8449,63.68572998046875,process,N,1.0
2025-01-20T16:35:42,rlsb,b37c3a1e-9ee6-46cf-9c65-cd729cbe841f,ppo_atari__FreewayNoFrameskip-v4__4__2025_01_20_16_31_56,215.2794156999989,0.0026450892949187,1.2286772919361572e-05,82.5,51.88271469832415,1.491485595703125,0.0049334776172917,0.0029754509914699,8.909174367968036e-05,0.0079980203524414,Italy,ITA,campania,,,Windows-10-10.0.26100-SP0,3.10.9,2.7.1,36,Intel(R) Core(TM) i9-10980XE CPU @ 3.00GHz,1,1 x NVIDIA RTX A5000,14.2716,40.8449,63.68572998046875,process,N,1.0
2025-01-20T16:39:27,rlsb,637ad9cd-815b-4f8e-b04e-b162d21b1397,ppo_atari__MsPacmanNoFrameskip-v4__4__2025_01_20_16_36_05,192.35562520000167,0.002347650160665,1.2204738791621288e-05,82.5,49.10570114410044,1.492624282836914,0.0044081418516668,0.0026108423664499,7.966224402021641e-05,0.007098646462137,Italy,ITA,campania,,,Windows-10-10.0.26100-SP0,3.10.9,2.7.1,36,Intel(R) Core(TM) i9-10980XE CPU @ 3.00GHz,1,1 x NVIDIA RTX A5000,14.2716,40.8449,63.68572998046875,process,N,1.0
2025-01-20T16:43:01,rlsb,6eedc48b-43b1-4c2a-b28a-4c1be3c180b4,ppo_atari__PongNoFrameskip-v4__4__2025_01_20_16_39_48,182.30863089999912,0.0022882655504861313,1.2551602955875977e-05,82.5,60.923989792485095,1.4920377731323242,0.004177899449166587,0.002665713521458002,7.547081219379777e-05,0.006919083782818387,Italy,ITA,campania,,,Windows-10-10.0.26100-SP0,3.10.9,2.7.1,36,Intel(R) Core(TM) i9-10980XE CPU @ 3.00GHz,1,1 x NVIDIA RTX A5000,14.2716,40.8449,63.68572998046875,process,N,1.0
